Image_No1,My_Algorithm,Image_No2,Graph_Edit_Distance
3,1,3,0
265,0.993386894,128,0
426,0.993127376,265,0
128,0.992486477,426,0
517,0.991416276,517,0
297,0.987988949,117,1
129,0.986623853,196,1
266,0.986349016,248,1
427,0.986060381,8,2
405,0.980987519,9,2
120,0.980948478,115,2